prompt,completion,error
Top 10 accounts with most transactions in all time period,"SELECT account_id, COUNT(*) AS num_transactions FROM setalab.financial.trans GROUP BY account_id ORDER BY num_transactions DESC LIMIT 10",
number of male and female customers,"SELECT gender, COUNT(*) as count FROM setalab.financial.client GROUP BY gender",
client's birth year distribution,"SELECT EXTRACT(YEAR FROM birth_date) AS birth_year, COUNT(*) AS num_clients FROM setalab.financial.client GROUP BY birth_year ORDER BY birth_year",
show top 5 accounts with the most devices in United States. Note that table all_cell_locations does not have column mccMnc and table all_cell_locations does not have the column country,"SELECT COUNT(*) AS count, account_id FROM all_cell_locations WHERE mccMnc IN (SELECT mccMnc FROM all_cell_locations WHERE country = 'United States') GROUP BY account_id ORDER BY count DESC LIMIT 5",
"show percentage of death over population by country, order from highest to lowest","SELECT location, (total_deaths/population)*100 AS death_percentage FROM test.owid_covid_data WHERE population IS NOT NULL GROUP BY location, population ORDER BY death_percentage DESC",
"show percentage of death over population by country, order from highest to lowest","SELECT country, (deaths/population)*100 AS percentage FROM covid_19_data ORDER BY percentage DESC ",
What is the total revenue and average price per product category for the month of May 2023?,"SELECT category,   SUM(revenue),   AVG(price) AS average_price FROM table_name WHERE date >= '2023-05-01' AND date <= '2023-05-31' GROUP BY category",
find the name has letters @gmail.com in table accounts,SELECT * FROM `setalab.chatbot_finetune.accounts` WHERE mail LIKE '%@gmail.com',"Unrecognized name: mail at [1:57], field name 'mail' is not found"
show all information accounts of product has account_id > 1000,SELECT * FROM `setalab.chatbot_finetune.accounts` a JOIN IN `setalab.chatbot_finetune.product` b ON a.ACCOUNT_ID = b.ACCOUNT_ID WHERE ACCOUNT_ID >1000,"Syntax error: Unexpected keyword IN at [1:58], Name ACCOUNT_ID not found inside b at [1:115]"
